timestamp,probability,signal,fold,close,forced_entry
2025-11-07 19:00:00,0.42350758603308436,-1,1,3441.72,False
2025-11-07 20:00:00,0.4712384805618583,1,1,3462.72,True
2025-11-07 21:00:00,0.46002115724302517,-1,1,3466.8,False
2025-11-07 22:00:00,0.4162029500584805,-1,1,3444.37,False
2025-11-07 23:00:00,0.4179489421789446,-1,1,3434.39,False
2025-11-08 00:00:00,0.39186829399738254,-1,1,3422.85,False
2025-11-08 01:00:00,0.3670114975206506,-1,1,3435.59,False
2025-11-08 02:00:00,0.4199667860838956,-1,1,3439.25,False
2025-11-08 03:00:00,0.3980403706755324,-1,1,3452.2,False
2025-11-08 04:00:00,0.4426267174929365,-1,1,3456.9,False
2025-11-08 05:00:00,0.5314392024277692,-1,1,3429.09,False
2025-11-08 06:00:00,0.49474107732852435,-1,1,3443.65,False
2025-11-08 07:00:00,0.5321437153684763,-1,1,3446.55,False
2025-11-08 08:00:00,0.5025035432911091,-1,1,3453.21,False
2025-11-08 09:00:00,0.4996697082988513,-1,1,3437.82,False
2025-11-08 10:00:00,0.4901703514567065,-1,1,3444.31,False
2025-11-08 11:00:00,0.6625241136578768,1,1,3411.39,False
2025-11-08 12:00:00,0.6701182952276508,1,1,3407.81,False
2025-11-08 13:00:00,0.6152137497777779,1,1,3395.0,False
2025-11-08 14:00:00,0.5549407247427948,1,1,3398.31,False
2025-11-08 15:00:00,0.7084214502815693,1,1,3375.09,False
2025-11-08 16:00:00,0.7131701747283599,1,1,3366.52,False
2025-11-08 17:00:00,0.4922221270282383,-1,1,3397.47,False
2025-11-08 18:00:00,0.6105723418148259,1,1,3400.85,False
2025-11-08 19:00:00,0.6530454877350775,1,1,3387.66,False
2025-11-08 20:00:00,0.5823940878290783,1,1,3396.3,False
2025-11-08 21:00:00,0.5831051894247379,1,1,3404.31,False
2025-11-08 22:00:00,0.5702609697591723,1,1,3407.55,False
2025-11-08 23:00:00,0.5922846665419101,1,1,3400.54,False
2025-11-09 00:00:00,0.6394355087805813,1,1,3382.63,False
2025-11-09 01:00:00,0.43516339702132056,-1,1,3399.11,False
2025-11-09 02:00:00,0.49989075969678975,-1,1,3365.87,False
2025-11-09 03:00:00,0.5083150455344105,-1,1,3374.84,False
2025-11-09 04:00:00,0.49714742552466124,-1,1,3372.71,False
2025-11-09 05:00:00,0.362800711516865,-1,1,3403.78,False
2025-11-09 06:00:00,0.43993580684172817,-1,1,3403.15,False
2025-11-09 07:00:00,0.3729050702983926,-1,1,3420.6,False
2025-11-09 08:00:00,0.373902537108575,-1,1,3420.23,False
2025-11-09 09:00:00,0.431299887922949,-1,1,3399.05,False
2025-11-09 10:00:00,0.43021212524912866,-1,1,3400.18,False
2025-11-09 11:00:00,0.2045423318927186,-1,1,3427.33,False
2025-11-09 12:00:00,0.31331863768332463,-1,1,3440.29,False
2025-11-09 13:00:00,0.23392779500548463,-1,1,3456.67,False
2025-11-09 14:00:00,0.29395304976260017,-1,1,3504.6,False
2025-11-09 15:00:00,0.2992111229678284,-1,1,3513.29,False
2025-11-09 16:00:00,0.29713921168331203,-1,1,3526.47,False
2025-11-09 17:00:00,0.3362256771292635,-1,1,3513.82,False
2025-11-09 18:00:00,0.24536395910736997,-1,1,3540.1,False
2025-11-09 19:00:00,0.23348240049479202,-1,1,3579.19,False
2025-11-09 20:00:00,0.26983181544991164,-1,1,3577.51,False
2025-11-09 21:00:00,0.2545406554595068,-1,1,3579.96,False
2025-11-09 22:00:00,0.2532272443273085,-1,1,3585.92,False
2025-11-09 23:00:00,0.23790047513360213,-1,1,3581.23,False
2025-11-10 00:00:00,0.22409795605299948,-1,1,3633.94,False
2025-11-10 01:00:00,0.23157976928486518,-1,1,3628.0,False
2025-11-10 02:00:00,0.31146222210132923,-1,1,3626.8,False
2025-11-10 03:00:00,0.3781741978523384,-1,1,3625.96,False
2025-11-10 04:00:00,0.3551716502268061,-1,1,3615.54,False
2025-11-10 05:00:00,0.3976790912396896,-1,1,3606.64,False
2025-11-10 06:00:00,0.3719789802135649,-1,1,3603.18,False
2025-11-10 07:00:00,0.35209659125808745,-1,1,3607.13,False
2025-11-10 08:00:00,0.3494354645721527,-1,1,3592.8,False
2025-11-10 09:00:00,0.32927378865483736,-1,1,3623.0,False
2025-11-10 10:00:00,0.3607296730152489,-1,1,3604.52,False
2025-11-10 11:00:00,0.35599618649032866,-1,1,3608.71,False
2025-11-10 12:00:00,0.31838705366980835,-1,1,3590.0,False
2025-11-10 13:00:00,0.2812960257114047,-1,1,3613.79,False
2025-11-10 14:00:00,0.35522283983076486,-1,1,3539.77,False
2025-11-10 15:00:00,0.4383043397605536,-1,1,3517.71,False
2025-11-10 16:00:00,0.3695500005010124,-1,1,3527.76,False
2025-11-10 17:00:00,0.29554171574919236,-1,1,3553.35,False
2025-11-10 18:00:00,0.3466687529315914,-1,1,3530.52,False
2025-11-10 19:00:00,0.43331026066606015,-1,1,3556.48,False
2025-11-10 20:00:00,0.43631110409258317,-1,1,3569.77,False
2025-11-10 21:00:00,0.41332628760305967,-1,1,3539.99,False
2025-11-10 22:00:00,0.4027969762317166,-1,1,3574.37,False
2025-11-10 23:00:00,0.4934094427200727,1,1,3566.26,True
2025-11-11 00:00:00,0.38900012211583856,-1,1,3584.46,False
2025-11-11 01:00:00,0.452595799924267,-1,1,3579.77,False
2025-11-11 02:00:00,0.42142074275125174,-1,1,3613.94,False
2025-11-11 03:00:00,0.3566861956135875,-1,1,3604.12,False
2025-11-11 04:00:00,0.3605848476478044,-1,1,3573.44,False
2025-11-11 05:00:00,0.5027248693314865,-1,1,3546.41,False
2025-11-11 06:00:00,0.4363518366326144,-1,1,3555.55,False
2025-11-11 07:00:00,0.48336994706203357,-1,1,3542.31,False
2025-11-11 08:00:00,0.3946220030509415,-1,1,3561.51,False
2025-11-11 09:00:00,0.42663646137840106,-1,1,3553.56,False
2025-11-11 10:00:00,0.45657376638917924,-1,1,3558.59,False
2025-11-11 11:00:00,0.3778738964787096,-1,1,3572.29,False
2025-11-11 12:00:00,0.48877841811780687,-1,1,3539.78,False
2025-11-11 13:00:00,0.450585432321482,-1,1,3531.06,False
2025-11-11 14:00:00,0.36983720045156,-1,1,3528.32,False
2025-11-11 15:00:00,0.48768683196394647,-1,1,3479.34,False
2025-11-11 16:00:00,0.4652492168719255,-1,1,3483.21,False
2025-11-11 17:00:00,0.476001027678055,-1,1,3471.31,False
2025-11-11 18:00:00,0.4084177136749419,-1,1,3467.22,False
2025-11-11 19:00:00,0.49594907776233454,-1,1,3455.4,False
2025-11-11 20:00:00,0.4977719650937714,-1,1,3436.68,False
2025-11-11 21:00:00,0.4671959945022297,-1,1,3415.83,False
2025-11-11 22:00:00,0.44158893229908824,-1,1,3427.84,False
2025-11-11 23:00:00,0.5750882347285258,1,1,3415.57,False
2025-11-12 00:00:00,0.503510983378054,-1,1,3416.02,False
2025-11-12 01:00:00,0.46004425978371566,-1,1,3445.39,False
2025-11-12 02:00:00,0.6023201181399704,1,1,3425.1,False
2025-11-12 03:00:00,0.5699038129466893,1,1,3437.79,False
2025-11-12 04:00:00,0.5634384896654727,1,1,3443.0,False
2025-11-12 05:00:00,0.48786662497766475,-1,1,3447.37,False
2025-11-12 06:00:00,0.5826813128318504,1,1,3437.0,False
2025-11-12 07:00:00,0.5559363430977349,1,1,3426.39,False
2025-11-12 08:00:00,0.3933716113699022,-1,1,3467.23,False
2025-11-12 09:00:00,0.3673304796604809,-1,1,3481.9,False
2025-11-12 10:00:00,0.3008718468592284,-1,1,3532.64,False
2025-11-12 11:00:00,0.3995933196229235,-1,1,3548.1,False
2025-11-12 12:00:00,0.5060638096441262,-1,1,3550.65,False
2025-11-12 13:00:00,0.5038786349982985,-1,1,3575.06,False
2025-11-12 14:00:00,0.5572171534794856,1,1,3501.15,False
2025-11-12 15:00:00,0.4897511420510822,-1,1,3426.4,False
2025-11-12 16:00:00,0.4195220889532285,-1,1,3397.51,False
2025-11-12 17:00:00,0.4051802800272476,-1,1,3427.78,False
2025-11-12 18:00:00,0.38810467331019083,-1,1,3422.14,False
2025-11-12 19:00:00,0.4976903573409056,-1,1,3406.17,False
2025-11-12 20:00:00,0.46633915834471024,-1,1,3415.2,False
2025-11-12 21:00:00,0.47671106753138504,-1,1,3421.42,False
2025-11-12 22:00:00,0.5421477250918691,-1,1,3420.04,False
2025-11-12 23:00:00,0.6044932631064059,1,1,3412.72,False
2025-11-13 00:00:00,0.5264700186958838,-1,1,3410.39,False
2025-11-13 01:00:00,0.40528005990494254,-1,1,3421.92,False
2025-11-13 02:00:00,0.44223570607870083,-1,1,3432.27,False
2025-11-13 03:00:00,0.5100367314589939,-1,1,3451.13,False
2025-11-13 04:00:00,0.5078034792512814,-1,1,3481.12,False
2025-11-13 05:00:00,0.4442050612228899,-1,1,3527.3,False
2025-11-13 06:00:00,0.46300282895930245,-1,1,3539.14,False
2025-11-13 07:00:00,0.5003927069888533,-1,1,3536.7,False
2025-11-13 08:00:00,0.5795341182090603,1,1,3522.33,False
2025-11-13 09:00:00,0.5548218309168986,1,1,3484.78,False
2025-11-13 10:00:00,0.4985161631883488,-1,1,3503.96,False
2025-11-13 11:00:00,0.49429814583988463,-1,1,3499.88,False
2025-11-13 12:00:00,0.4761160480283225,-1,1,3499.84,False
2025-11-13 13:00:00,0.5260000091860093,-1,1,3436.61,False
2025-11-13 14:00:00,0.4984235893632885,-1,1,3441.54,False
2025-11-13 15:00:00,0.5502033545777605,1,1,3384.61,False
2025-11-13 16:00:00,0.47548505108601097,-1,1,3325.77,False
2025-11-13 17:00:00,0.21753582360417606,-1,1,3253.12,False
2025-11-13 18:00:00,0.7467100551202116,1,1,3211.62,False
2025-11-13 19:00:00,0.8042462556501717,1,1,3195.38,False
2025-11-13 20:00:00,0.8838439252004366,1,1,3169.06,False
2025-11-13 21:00:00,0.897000607654102,1,1,3177.34,False
2025-11-13 22:00:00,0.7889818818013404,1,1,3227.17,False
2025-11-13 23:00:00,0.8006985663006798,1,1,3229.3,False
2025-11-14 00:00:00,0.8838906465482084,1,1,3198.65,False
2025-11-14 01:00:00,0.5923392386564073,1,1,3205.53,False
2025-11-14 02:00:00,0.7776565072977618,1,1,3236.27,False
2025-11-14 03:00:00,0.8540765134191307,1,1,3226.26,False
2025-11-14 04:00:00,0.8839970391217528,1,1,3161.92,False
2025-11-14 05:00:00,0.8864525963668894,1,1,3190.94,False
2025-11-14 06:00:00,0.8476237469911346,1,1,3221.22,False
2025-11-14 07:00:00,0.8349782792909102,1,1,3213.46,False
2025-11-14 08:00:00,0.8753636199291666,1,1,3203.59,False
2025-11-14 09:00:00,0.9094865224680732,1,1,3154.22,False
2025-11-14 10:00:00,0.8438005472813627,1,1,3174.4,False
2025-11-14 11:00:00,0.906569413511102,1,1,3142.99,False
2025-11-14 12:00:00,0.895868183334794,1,1,3125.85,False
2025-11-14 13:00:00,0.9232912789157796,1,1,3120.81,False
2025-11-14 14:00:00,0.8194313406801597,1,1,3197.82,False
2025-11-14 15:00:00,0.837602842165393,1,1,3195.73,False
2025-11-14 16:00:00,0.7919280268998351,1,1,3230.42,False
2025-11-14 17:00:00,0.9200172315786999,1,1,3178.19,False
2025-11-14 18:00:00,0.8668299412908383,1,1,3167.24,False
2025-11-14 19:00:00,0.828308406116655,1,1,3206.51,False
2025-11-14 20:00:00,0.8784508885141908,1,1,3135.84,False
2025-11-14 21:00:00,0.8677149344315308,1,1,3165.6,False
2025-11-14 22:00:00,0.8968319888094003,1,1,3157.88,False
2025-11-14 23:00:00,0.8919892594336016,1,1,3110.56,False
2025-11-15 00:00:00,0.872753583538259,1,1,3139.28,False
2025-11-15 01:00:00,0.8835825233143321,1,1,3172.49,False
2025-11-15 02:00:00,0.8734067142522571,1,1,3191.98,False
2025-11-15 03:00:00,0.8828769046049736,1,1,3178.05,False
2025-11-15 04:00:00,0.8846827386909397,1,1,3171.05,False
2025-11-15 05:00:00,0.8751853783573396,1,1,3177.78,False
2025-11-15 06:00:00,0.8721468576316304,1,1,3174.12,False
2025-11-15 07:00:00,0.8291627829215965,1,1,3175.01,False
2025-11-15 08:00:00,0.9143114980251095,1,1,3141.5,False
2025-11-15 09:00:00,0.8611534151413333,1,1,3151.62,False
2025-11-15 10:00:00,0.8417122908866207,1,1,3167.58,False
2025-11-15 11:00:00,0.8478233395145064,1,1,3151.15,False
2025-11-15 12:00:00,0.806981287937787,1,1,3160.99,False
2025-11-15 13:00:00,0.767704679725892,1,1,3191.6,False
2025-11-15 14:00:00,0.8123907194831167,1,1,3176.55,False
2025-11-15 15:00:00,0.8086733765629573,1,1,3184.74,False
2025-11-15 16:00:00,0.8436302602425165,1,1,3184.99,False
2025-11-15 17:00:00,0.7875386687323568,1,1,3213.86,False
2025-11-15 18:00:00,0.7814317333166558,1,1,3207.27,False
2025-11-15 19:00:00,0.7920950340433038,1,1,3196.59,False
2025-11-15 20:00:00,0.8092084094980189,1,1,3173.54,False
2025-11-15 21:00:00,0.8131222378202765,1,1,3156.37,False
2025-11-15 22:00:00,0.6851699837857314,1,1,3169.44,False
2025-11-15 23:00:00,0.6764825923397911,1,1,3166.38,False
2025-11-16 00:00:00,0.7928833647798481,1,1,3150.98,False
2025-11-16 01:00:00,0.8170154557711904,1,1,3148.79,False
2025-11-16 02:00:00,0.6716178459689722,1,1,3202.19,False
2025-11-16 03:00:00,0.7714046287360063,1,1,3201.53,False
2025-11-16 04:00:00,0.8079543203230377,1,1,3193.08,False
2025-11-16 05:00:00,0.7641203476502877,1,1,3203.29,False
2025-11-16 06:00:00,0.7394502917866783,1,1,3199.36,False
2025-11-16 07:00:00,0.625309008426813,1,1,3218.41,False
2025-11-16 08:00:00,0.7125656692875555,1,1,3218.14,False
2025-11-16 09:00:00,0.6512265026845063,1,1,3247.13,False
2025-11-16 10:00:00,0.7364397667920548,1,1,3235.3,False
2025-11-16 11:00:00,0.7725788123594428,1,1,3167.4,False
2025-11-16 12:00:00,0.8018214286328054,1,1,3168.37,False
2025-11-16 13:00:00,0.7361494082320589,1,1,3152.27,False
2025-11-16 14:00:00,0.6675534814236826,1,1,3170.31,False
2025-11-16 15:00:00,0.7941150306464555,1,1,3103.48,False
2025-11-16 16:00:00,0.795220827615383,1,1,3059.85,False
2025-11-16 17:00:00,0.7190456264399679,1,1,3078.27,False
2025-11-16 18:00:00,0.4352761584740801,-1,2,3059.51,False
2025-11-16 19:00:00,0.36997548299813776,-1,2,3089.93,False
2025-11-16 20:00:00,0.45730694368482044,-1,2,3088.07,False
2025-11-16 21:00:00,0.4725207408210987,-1,2,3072.24,False
2025-11-16 22:00:00,0.4320107905970389,-1,2,3090.35,False
2025-11-16 23:00:00,0.4425876218598742,-1,2,3093.69,False
2025-11-17 00:00:00,0.3679048274818291,-1,2,3135.37,False
2025-11-17 01:00:00,0.41441848667740844,-1,2,3113.3,False
2025-11-17 02:00:00,0.36869050977194673,-1,2,3148.45,False
2025-11-17 03:00:00,0.34473768531977433,-1,2,3175.82,False
2025-11-17 04:00:00,0.3083067814310102,-1,2,3184.99,False
2025-11-17 05:00:00,0.3051427087360703,-1,2,3185.95,False
2025-11-17 06:00:00,0.3248780313286995,-1,2,3192.85,False
2025-11-17 07:00:00,0.33120225509472184,-1,2,3197.09,False
2025-11-17 08:00:00,0.34111451431298967,-1,2,3189.08,False
2025-11-17 09:00:00,0.2926104110910904,-1,2,3193.92,False
2025-11-17 10:00:00,0.3023611011146835,-1,2,3195.24,False
2025-11-17 11:00:00,0.312805781486036,-1,2,3202.69,False
2025-11-17 12:00:00,0.29810658826026537,-1,2,3182.61,False
2025-11-17 13:00:00,0.36003524966404304,-1,2,3120.26,False
2025-11-17 14:00:00,0.3269411772512686,-1,2,3150.62,False
2025-11-17 15:00:00,0.3862709394393845,-1,2,3119.28,False
2025-11-17 16:00:00,0.355076764714954,-1,2,3132.99,False
2025-11-17 17:00:00,0.4399084655415384,1,2,3056.72,True
2025-11-17 18:00:00,0.3828618542678762,-1,2,3023.11,False
2025-11-17 19:00:00,0.3781824346015274,-1,2,2980.65,False
2025-11-17 20:00:00,0.37529466147365054,-1,2,3003.1,False
2025-11-17 21:00:00,0.4348852419852487,-1,2,3007.66,False
2025-11-17 22:00:00,0.434885030755675,-1,2,3021.57,False
2025-11-17 23:00:00,0.42033946732122995,-1,2,3030.0,False
2025-11-18 00:00:00,0.4484573231865459,1,2,3031.5,True
2025-11-18 01:00:00,0.4034366204588472,-1,2,3015.79,False
2025-11-18 02:00:00,0.3654478528954479,-1,2,2983.69,False
2025-11-18 03:00:00,0.39080165146534995,-1,2,3023.27,False
2025-11-18 04:00:00,0.37685302798672166,-1,2,3005.05,False
2025-11-18 05:00:00,0.38717873474675835,-1,2,3011.4,False
2025-11-18 06:00:00,0.3606790375032292,-1,2,2989.02,False
2025-11-18 07:00:00,0.3655573561427852,-1,2,3023.37,False
2025-11-18 08:00:00,0.3114119455580002,-1,2,3059.46,False
2025-11-18 09:00:00,0.35612116567296054,-1,2,3059.35,False
2025-11-18 10:00:00,0.32943328086809787,-1,2,3065.04,False
2025-11-18 11:00:00,0.3606094668811586,-1,2,3056.91,False
2025-11-18 12:00:00,0.3358266794908627,-1,2,3048.36,False
2025-11-18 13:00:00,0.36201242655950844,-1,2,3047.91,False
2025-11-18 14:00:00,0.3319745744962463,-1,2,3056.85,False
2025-11-18 15:00:00,0.3077125613868159,-1,2,3105.98,False
2025-11-18 16:00:00,0.3016494479090205,-1,2,3151.53,False
2025-11-18 17:00:00,0.3419749064317986,-1,2,3134.66,False
2025-11-18 18:00:00,0.26244248220515615,-1,2,3159.87,False
2025-11-18 19:00:00,0.30320220729410974,-1,2,3144.57,False
2025-11-18 20:00:00,0.32202620304788854,-1,2,3121.78,False
2025-11-18 21:00:00,0.35601071725238637,-1,2,3096.35,False
2025-11-18 22:00:00,0.3462337796225146,-1,2,3123.77,False
2025-11-18 23:00:00,0.34827855346319536,-1,2,3122.03,False
2025-11-19 00:00:00,0.35991643398457196,-1,2,3099.3,False
2025-11-19 01:00:00,0.3585580049232149,-1,2,3103.55,False
2025-11-19 02:00:00,0.32660326550577784,-1,2,3112.43,False
2025-11-19 03:00:00,0.32794115385223366,-1,2,3071.37,False
2025-11-19 04:00:00,0.3370945074952969,-1,2,3046.92,False
2025-11-19 05:00:00,0.3708915795679917,-1,2,3015.5,False
2025-11-19 06:00:00,0.2988615449324744,-1,2,3039.51,False
2025-11-19 07:00:00,0.2730068492012861,-1,2,3083.69,False
2025-11-19 08:00:00,0.28040325632368057,-1,2,3079.01,False
2025-11-19 09:00:00,0.29873404771697126,-1,2,3087.17,False
2025-11-19 10:00:00,0.32022949706654025,-1,2,3090.65,False
2025-11-19 11:00:00,0.2697738053373759,-1,2,3082.4,False
2025-11-19 12:00:00,0.2673248119934931,-1,2,3099.49,False
2025-11-19 13:00:00,0.26159963191857705,-1,2,3065.55,False
2025-11-19 14:00:00,0.3004162818092275,-1,2,3058.99,False
2025-11-19 15:00:00,0.3325947952728081,-1,2,2971.15,False
2025-11-19 16:00:00,0.3142417931409567,-1,2,2948.36,False
2025-11-19 17:00:00,0.29645165045424515,-1,2,2921.56,False
2025-11-19 18:00:00,0.37797187086316775,-1,2,2898.29,False
2025-11-19 19:00:00,0.41717469825829423,1,2,2880.16,True
2025-11-19 20:00:00,0.3357421597426225,-1,2,2944.37,False
2025-11-19 21:00:00,0.3031108064853737,-1,2,2990.26,False
2025-11-19 22:00:00,0.33597525586495197,-1,2,2983.25,False
2025-11-19 23:00:00,0.32344293279002445,-1,2,3024.3,False
2025-11-20 00:00:00,0.29482809967579476,-1,2,3018.45,False
2025-11-20 01:00:00,0.27670927408021473,-1,2,3047.0,False
2025-11-20 02:00:00,0.2818191027763714,-1,2,3042.96,False
2025-11-20 03:00:00,0.24810762774135459,-1,2,3038.1,False
2025-11-20 04:00:00,0.2709700958067771,-1,2,3053.68,False
2025-11-20 05:00:00,0.27907529999877456,-1,2,3034.53,False
2025-11-20 06:00:00,0.2713097752718695,-1,2,3019.91,False
2025-11-20 07:00:00,0.3085002430962034,-1,2,3038.36,False
2025-11-20 08:00:00,0.28174273662275695,-1,2,3030.03,False
2025-11-20 09:00:00,0.2518674519614219,-1,2,3010.01,False
2025-11-20 10:00:00,0.28926606047651127,-1,2,3015.0,False
2025-11-20 11:00:00,0.27696912594802736,-1,2,3022.66,False
2025-11-20 12:00:00,0.2857665378770492,-1,2,3027.82,False
2025-11-20 13:00:00,0.24696794653400345,-1,2,2998.72,False
2025-11-20 14:00:00,0.2514896468489003,-1,2,2999.15,False
2025-11-20 15:00:00,0.2407815336359328,-1,2,2953.78,False
2025-11-20 16:00:00,0.16173554923047054,-1,2,2861.4,False
2025-11-20 17:00:00,0.2510192994665322,-1,2,2831.86,False
2025-11-20 18:00:00,0.35519500057824227,-1,2,2812.18,False
2025-11-20 19:00:00,0.3049956834642278,-1,2,2846.44,False
2025-11-20 20:00:00,0.36308828126912424,1,2,2834.06,True
2025-11-20 21:00:00,0.30537078045650246,-1,2,2878.07,False
2025-11-20 22:00:00,0.29426471958407946,-1,2,2884.98,False
2025-11-20 23:00:00,0.3019584342611234,-1,2,2832.85,False
2025-11-21 00:00:00,0.25377192120258163,-1,2,2860.26,False
2025-11-21 01:00:00,0.282915610325779,-1,2,2860.74,False
2025-11-21 02:00:00,0.3108719665108625,-1,2,2781.35,False
2025-11-21 03:00:00,0.30718243358984515,-1,2,2807.07,False
2025-11-21 04:00:00,0.34937767849775025,-1,2,2817.74,False
2025-11-21 05:00:00,0.33268796385960525,-1,2,2808.54,False
2025-11-21 06:00:00,0.28241988705332205,-1,2,2788.88,False
2025-11-21 07:00:00,0.35177144795305815,-1,2,2719.23,False
2025-11-21 08:00:00,0.3520923214307395,-1,2,2737.06,False
2025-11-21 09:00:00,0.3780457684810403,-1,2,2680.66,False
2025-11-21 10:00:00,0.3558174220609562,-1,2,2695.67,False
2025-11-21 11:00:00,0.5154268157101382,1,2,2687.49,True
2025-11-21 12:00:00,0.42991079145587363,-1,2,2726.33,False
2025-11-21 13:00:00,0.4280554765218355,-1,2,2740.6,False
2025-11-21 14:00:00,0.3756470881845492,-1,2,2769.13,False
2025-11-21 15:00:00,0.4102723770014823,-1,2,2703.89,False
2025-11-21 16:00:00,0.2864431204539916,-1,2,2761.99,False
2025-11-21 17:00:00,0.35761328227091915,-1,2,2779.7,False
2025-11-21 18:00:00,0.29620822991096635,-1,2,2777.88,False
2025-11-21 19:00:00,0.36151439621412046,-1,2,2750.81,False
2025-11-21 20:00:00,0.33244059662505,-1,2,2736.25,False
2025-11-21 21:00:00,0.30604576875959744,-1,2,2765.68,False
2025-11-21 22:00:00,0.3417005130138017,-1,2,2719.98,False
2025-11-21 23:00:00,0.2787414560717341,-1,2,2764.85,False
2025-11-22 00:00:00,0.34296417978128224,-1,2,2764.93,False
2025-11-22 01:00:00,0.3143062900590453,-1,2,2773.26,False
2025-11-22 02:00:00,0.35041096087467966,-1,2,2751.6,False
2025-11-22 03:00:00,0.4300303328297847,-1,2,2751.26,False
2025-11-22 04:00:00,0.3628739463264083,-1,2,2745.99,False
2025-11-22 05:00:00,0.39378037574262176,-1,2,2742.8,False
2025-11-22 06:00:00,0.3566733605486789,-1,2,2765.11,False
2025-11-22 07:00:00,0.36714089548780965,-1,2,2755.36,False
2025-11-22 08:00:00,0.3587195241260993,-1,2,2728.72,False
2025-11-22 09:00:00,0.3729957982702686,-1,2,2724.58,False
2025-11-22 10:00:00,0.42848072422934586,-1,2,2711.68,False
2025-11-22 11:00:00,0.4142130541471871,-1,2,2733.68,False
2025-11-22 12:00:00,0.43808187609984817,1,2,2720.03,True
2025-11-22 13:00:00,0.4378428234092009,-1,2,2718.0,False
2025-11-22 14:00:00,0.434570356768947,-1,2,2745.19,False
2025-11-22 15:00:00,0.38109828584033795,-1,2,2737.82,False
2025-11-22 16:00:00,0.39951893625057766,-1,2,2754.36,False
2025-11-22 17:00:00,0.38618434786392525,-1,2,2748.45,False
2025-11-22 18:00:00,0.3700257118437338,-1,2,2751.24,False
2025-11-22 19:00:00,0.38257826027603614,-1,2,2749.11,False
2025-11-22 20:00:00,0.3499483766408685,-1,2,2739.78,False
2025-11-22 21:00:00,0.3481250085927679,-1,2,2746.5,False
2025-11-22 22:00:00,0.3228923889538048,-1,2,2788.14,False
2025-11-22 23:00:00,0.3136587035357242,-1,2,2768.85,False
2025-11-23 00:00:00,0.310954582758434,-1,2,2771.97,False
2025-11-23 01:00:00,0.31199455199816645,-1,2,2807.22,False
2025-11-23 02:00:00,0.3384985488467064,-1,2,2819.87,False
2025-11-23 03:00:00,0.3210181125631689,-1,2,2823.33,False
2025-11-23 04:00:00,0.33604670801651393,-1,2,2826.89,False
2025-11-23 05:00:00,0.3072709872266016,-1,2,2824.25,False
2025-11-23 06:00:00,0.3287923735028824,-1,2,2808.23,False
2025-11-23 07:00:00,0.3283799016745743,-1,2,2791.97,False
2025-11-23 08:00:00,0.3222473244469499,-1,2,2809.93,False
2025-11-23 09:00:00,0.3254391296092045,-1,2,2814.98,False
2025-11-23 10:00:00,0.32550352057776355,-1,2,2807.37,False
2025-11-23 11:00:00,0.31625302485683227,-1,2,2814.61,False
2025-11-23 12:00:00,0.28915550200074897,-1,2,2834.0,False
2025-11-23 13:00:00,0.28564758602615775,-1,2,2843.11,False
2025-11-23 14:00:00,0.24332632144917588,-1,2,2813.16,False
2025-11-23 15:00:00,0.24896126634747376,-1,2,2834.59,False
2025-11-23 16:00:00,0.27930273485647145,-1,2,2798.45,False
2025-11-23 17:00:00,0.2591549728356001,-1,2,2790.95,False
2025-11-23 18:00:00,0.30171483952997824,-1,2,2807.46,False
2025-11-23 19:00:00,0.30942505804224124,-1,2,2821.37,False
2025-11-23 20:00:00,0.33626911923066716,-1,2,2827.35,False
2025-11-23 21:00:00,0.34526291749609084,-1,2,2840.0,False
2025-11-23 22:00:00,0.3240652680026528,-1,2,2837.25,False
2025-11-23 23:00:00,0.36401683448531047,1,2,2800.65,True
2025-11-24 00:00:00,0.3504856783464579,-1,2,2786.49,False
2025-11-24 01:00:00,0.35253677621260326,-1,2,2804.59,False
2025-11-24 02:00:00,0.3519293697549337,-1,2,2839.2,False
2025-11-24 03:00:00,0.3493949784520982,-1,2,2854.95,False
2025-11-24 04:00:00,0.38250521565808526,1,2,2823.61,True
2025-11-24 05:00:00,0.34517854853745256,-1,2,2865.7,False
2025-11-24 06:00:00,0.3728984442619749,-1,2,2837.86,False
2025-11-24 07:00:00,0.3649917202247095,-1,2,2828.51,False
2025-11-24 08:00:00,0.35872529774486817,-1,2,2837.61,False
2025-11-24 09:00:00,0.34590371479292253,-1,2,2796.13,False
2025-11-24 10:00:00,0.3139612825892863,-1,2,2797.67,False
2025-11-24 11:00:00,0.32844289949192,-1,2,2801.96,False
2025-11-24 12:00:00,0.33281736539673556,-1,2,2802.51,False
2025-11-24 13:00:00,0.30089744367914695,-1,2,2813.83,False
2025-11-24 14:00:00,0.3164421780412477,-1,2,2831.4,False
2025-11-24 15:00:00,0.31160720510718126,-1,2,2845.21,False
2025-11-24 16:00:00,0.3129891259664989,-1,2,2857.79,False
2025-11-24 17:00:00,0.24004877965610158,-1,2,2939.23,False
2025-11-24 18:00:00,0.20224667766301319,-1,2,2956.25,False
2025-11-24 19:00:00,0.20403349333363727,-1,2,2957.31,False
2025-11-24 20:00:00,0.22868582517956118,-1,2,2971.14,False
2025-11-24 21:00:00,0.25316699270004384,-1,2,2957.75,False
2025-11-24 22:00:00,0.27358287792427705,-1,2,2959.2,False
2025-11-24 23:00:00,0.26712227691488843,-1,2,2952.28,False
2025-11-25 00:00:00,0.27631455839720287,-1,2,2942.02,False
2025-11-25 01:00:00,0.28591161330301035,-1,2,2917.54,False
2025-11-25 02:00:00,0.3054689418820974,-1,2,2929.48,False
2025-11-25 03:00:00,0.25199275524094356,-1,2,2910.2,False
2025-11-25 04:00:00,0.2261300563394084,-1,2,2936.0,False
2025-11-25 05:00:00,0.23896482267837396,-1,2,2926.95,False
2025-11-25 06:00:00,0.2788038469875398,-1,2,2921.0,False
2025-11-25 07:00:00,0.2504467724488008,-1,2,2901.27,False
2025-11-25 08:00:00,0.28160804257393107,-1,2,2869.72,False
2025-11-25 09:00:00,0.254405900746574,-1,2,2890.36,False
2025-11-25 10:00:00,0.25759430120551347,-1,2,2896.6,False
2025-11-25 11:00:00,0.28124967949829555,-1,2,2889.42,False
2025-11-25 12:00:00,0.2760571283146107,-1,2,2926.34,False
2025-11-25 13:00:00,0.31743926132671896,1,2,2906.48,True
2025-11-25 14:00:00,0.2780140119322951,-1,2,2879.59,False
2025-11-25 15:00:00,0.2682316228799082,-1,2,2894.48,False
2025-11-25 16:00:00,0.2769510075970913,-1,2,2928.07,False
2025-11-25 17:00:00,0.22108210217355387,-1,3,2935.6,False
2025-11-25 18:00:00,0.245784674014902,-1,3,2922.95,False
2025-11-25 19:00:00,0.27350489030959974,-1,3,2921.41,False
2025-11-25 20:00:00,0.22869055633538032,-1,3,2927.52,False
2025-11-25 21:00:00,0.28860101128467525,-1,3,2929.78,False
2025-11-25 22:00:00,0.1598200323845694,-1,3,2968.82,False
2025-11-25 23:00:00,0.15761836208726154,-1,3,2958.0,False
2025-11-26 00:00:00,0.24730070705287543,-1,3,2952.9,False
2025-11-26 01:00:00,0.17781894960115632,-1,3,2968.98,False
2025-11-26 02:00:00,0.13109526177617628,-1,3,2954.99,False
2025-11-26 03:00:00,0.134506606292551,-1,3,2925.09,False
2025-11-26 04:00:00,0.22432891962364035,-1,3,2929.15,False
2025-11-26 05:00:00,0.20534375448029468,-1,3,2942.53,False
2025-11-26 06:00:00,0.1608418494217005,-1,3,2944.47,False
2025-11-26 07:00:00,0.163610165615718,-1,3,2942.9,False
2025-11-26 08:00:00,0.30053041343626646,1,3,2911.19,True
2025-11-26 09:00:00,0.19843000655531529,-1,3,2905.77,False
2025-11-26 10:00:00,0.16495065340103196,-1,3,2912.78,False
2025-11-26 11:00:00,0.1219641680837126,-1,3,2912.84,False
2025-11-26 12:00:00,0.13420877265558515,-1,3,2900.0,False
2025-11-26 13:00:00,0.08056235515083303,-1,3,2932.97,False
2025-11-26 14:00:00,0.10822090367638605,-1,3,2909.1,False
2025-11-26 15:00:00,0.09910901018698091,-1,3,2926.75,False
2025-11-26 16:00:00,0.0886193980628475,-1,3,2944.95,False
2025-11-26 17:00:00,0.08507337462836692,-1,3,3026.12,False
2025-11-26 18:00:00,0.08370346480310262,-1,3,3033.0,False
2025-11-26 19:00:00,0.09665741967009724,-1,3,3030.99,False
2025-11-26 20:00:00,0.1023052700875074,-1,3,3023.35,False
2025-11-26 21:00:00,0.09456285149149316,-1,3,3020.65,False
2025-11-26 22:00:00,0.07898730288516022,-1,3,3026.18,False
2025-11-26 23:00:00,0.09160313008222418,-1,3,3024.64,False
2025-11-27 00:00:00,0.1072509063055136,-1,3,3034.11,False
2025-11-27 01:00:00,0.12024864316382786,-1,3,3051.2,False
2025-11-27 02:00:00,0.1384079840437209,-1,3,3035.57,False
2025-11-27 03:00:00,0.1285775161536751,-1,3,3032.16,False
2025-11-27 04:00:00,0.10629751846848734,-1,3,3039.8,False
2025-11-27 05:00:00,0.16670864332402097,-1,3,3021.76,False
2025-11-27 06:00:00,0.18120490596377045,-1,3,3026.27,False
2025-11-27 07:00:00,0.1390109927895054,-1,3,3032.2,False
2025-11-27 08:00:00,0.16211298590503123,-1,3,3026.46,False
2025-11-27 09:00:00,0.1726062918374797,-1,3,3026.2,False
2025-11-27 10:00:00,0.20246459078422582,-1,3,3032.9,False
2025-11-27 11:00:00,0.2908831301268183,1,3,3026.8,True
2025-11-27 12:00:00,0.279345514537222,-1,3,2989.9,False
2025-11-27 13:00:00,0.2351955521006295,-1,3,2993.76,False
2025-11-27 14:00:00,0.284397229871068,-1,3,2995.02,False
2025-11-27 15:00:00,0.16133655974033284,-1,3,3009.54,False
2025-11-27 16:00:00,0.16178096903535713,-1,3,3019.49,False
2025-11-27 17:00:00,0.2087971796744948,-1,3,3018.56,False
2025-11-27 18:00:00,0.15032801563129408,-1,3,3036.32,False
2025-11-27 19:00:00,0.11896707342427955,-1,3,3030.76,False
2025-11-27 20:00:00,0.12096501749302857,-1,3,3037.5,False
2025-11-27 21:00:00,0.21787357279220754,-1,3,3030.8,False
2025-11-27 22:00:00,0.2121818144452983,-1,3,3009.24,False
2025-11-27 23:00:00,0.25564209512638525,-1,3,3013.92,False
2025-11-28 00:00:00,0.2674347337106375,-1,3,3013.05,False
2025-11-28 01:00:00,0.27754282407026576,1,3,2996.83,True
2025-11-28 02:00:00,0.21734332970404244,-1,3,3010.85,False
2025-11-28 03:00:00,0.26996099174035587,-1,3,3007.1,False
2025-11-28 04:00:00,0.26757107919751105,-1,3,3016.31,False
2025-11-28 05:00:00,0.24109930993678302,-1,3,3022.73,False
2025-11-28 06:00:00,0.21281226596404834,-1,3,3008.27,False
2025-11-28 07:00:00,0.18531338058786667,-1,3,2999.99,False
2025-11-28 08:00:00,0.1474436661098468,-1,3,3063.85,False
2025-11-28 09:00:00,0.14712781241156164,-1,3,3053.95,False
2025-11-28 10:00:00,0.17276671211915695,-1,3,3059.42,False
2025-11-28 11:00:00,0.16693540642166405,-1,3,3032.44,False
2025-11-28 12:00:00,0.19056285642257592,-1,3,3034.78,False
2025-11-28 13:00:00,0.11293709467040847,-1,3,3072.57,False
2025-11-28 14:00:00,0.1494181633303963,-1,3,3065.9,False
2025-11-28 15:00:00,0.1355828518451519,-1,3,3071.98,False
2025-11-28 16:00:00,0.19206069884558888,-1,3,3023.62,False
2025-11-28 17:00:00,0.189406100418075,-1,3,3032.72,False
2025-11-28 18:00:00,0.1546955664732386,-1,3,3041.28,False
2025-11-28 19:00:00,0.1278941387180472,-1,3,3048.77,False
2025-11-28 20:00:00,0.11979354044730564,-1,3,3054.35,False
2025-11-28 21:00:00,0.1760863367396401,-1,3,3034.36,False
2025-11-28 22:00:00,0.12000121684159484,-1,3,3038.64,False
2025-11-28 23:00:00,0.14388425036787675,-1,3,3029.62,False
2025-11-29 00:00:00,0.11981200188392975,-1,3,3034.36,False
2025-11-29 01:00:00,0.1261773118588983,-1,3,3036.74,False
2025-11-29 02:00:00,0.12541146804356484,-1,3,3029.1,False
2025-11-29 03:00:00,0.11095254016557088,-1,3,3021.12,False
2025-11-29 04:00:00,0.10162624345182406,-1,3,3039.45,False
2025-11-29 05:00:00,0.12233677541951524,-1,3,3031.69,False
2025-11-29 06:00:00,0.1110117105923416,-1,3,3005.39,False
2025-11-29 07:00:00,0.10828013360495595,-1,3,3003.14,False
2025-11-29 08:00:00,0.09900479237106474,-1,3,3006.7,False
2025-11-29 09:00:00,0.10214816493397952,-1,3,3000.17,False
2025-11-29 10:00:00,0.10475843496756597,-1,3,2995.41,False
2025-11-29 11:00:00,0.10698122582738435,-1,3,2998.35,False
2025-11-29 12:00:00,0.12838574999837693,-1,3,2995.54,False
2025-11-29 13:00:00,0.09239296403884144,-1,3,2997.07,False
2025-11-29 14:00:00,0.11552115971546788,-1,3,2987.07,False
2025-11-29 15:00:00,0.08303116679594538,-1,3,3005.75,False
2025-11-29 16:00:00,0.1278014421789113,-1,3,3002.12,False
2025-11-29 17:00:00,0.1270302656208102,-1,3,2968.23,False
2025-11-29 18:00:00,0.0861925090787155,-1,3,2993.56,False
2025-11-29 19:00:00,0.16441742886248478,-1,3,2987.12,False
2025-11-29 20:00:00,0.14366691533038323,-1,3,2996.13,False
2025-11-29 21:00:00,0.179278975844483,-1,3,2992.57,False
2025-11-29 22:00:00,0.22832186230745782,-1,3,2987.68,False
2025-11-29 23:00:00,0.2540293046020007,1,3,2988.18,True
2025-11-30 00:00:00,0.1720506208212559,-1,3,2995.89,False
2025-11-30 01:00:00,0.18198148722720947,-1,3,3003.77,False
2025-11-30 02:00:00,0.2113579974786305,-1,3,2989.78,False
2025-11-30 03:00:00,0.29952979599414664,-1,3,3000.53,False
2025-11-30 04:00:00,0.18373304697089962,-1,3,2996.7,False
2025-11-30 05:00:00,0.3017970971275883,1,3,2990.79,True
2025-11-30 06:00:00,0.14925456451630484,-1,3,2996.39,False
2025-11-30 07:00:00,0.1366077095097375,-1,3,3003.6,False
2025-11-30 08:00:00,0.12235033567969741,-1,3,3005.51,False
2025-11-30 09:00:00,0.12143640274919329,-1,3,3008.02,False
2025-11-30 10:00:00,0.11251512336924115,-1,3,3008.1,False
2025-11-30 11:00:00,0.1110238348916246,-1,3,3001.67,False
2025-11-30 12:00:00,0.1054210094524243,-1,3,3024.71,False
2025-11-30 13:00:00,0.11620637985181632,-1,3,3047.99,False
2025-11-30 14:00:00,0.09324037947043914,-1,3,3036.11,False
2025-11-30 15:00:00,0.14592504600895495,-1,3,3027.34,False
2025-11-30 16:00:00,0.06540078012813291,-1,3,3042.48,False
2025-11-30 17:00:00,0.07521874695111168,-1,3,3039.5,False
2025-12-01 01:00:00,0.0606111553792944,-1,3,2849.46,False
2025-12-01 02:00:00,0.10908409233557671,-1,3,2836.51,False
2025-12-01 03:00:00,0.10142067323422624,-1,3,2824.49,False
2025-12-01 04:00:00,0.15117134116930211,-1,3,2820.51,False
2025-12-01 05:00:00,0.11722202678079591,-1,3,2826.81,False
2025-12-01 06:00:00,0.17158622654348565,-1,3,2823.15,False
2025-12-01 07:00:00,0.13254435585404672,-1,3,2838.27,False
2025-12-01 08:00:00,0.14555757690002982,-1,3,2838.96,False
2025-12-01 09:00:00,0.08139323845790133,-1,3,2837.96,False
2025-12-01 10:00:00,0.10552203841511695,-1,3,2841.9,False
2025-12-01 11:00:00,0.10148517058878409,-1,3,2836.23,False
2025-12-01 12:00:00,0.16836673683670186,-1,3,2819.5,False
2025-12-01 13:00:00,0.1941825450320003,-1,3,2811.65,False
2025-12-01 14:00:00,0.1253817219628559,-1,3,2816.84,False
2025-12-01 15:00:00,0.2119516310025234,1,3,2742.55,True
2025-12-01 23:00:00,0.13755654950710555,-1,3,2799.9,False
2025-12-02 07:00:00,0.2353880866455773,-1,3,2804.34,False
2025-12-02 08:00:00,0.28939241834138174,1,3,2796.84,True
2025-12-02 09:00:00,0.21402633128964904,-1,3,2796.56,False
2025-12-02 10:00:00,0.180967695192464,-1,3,2822.11,False
2025-12-02 11:00:00,0.1628873807259929,-1,3,2824.81,False
2025-12-02 12:00:00,0.16702505277251117,-1,3,2826.52,False
2025-12-02 13:00:00,0.1399758005601642,-1,3,2843.31,False
2025-12-02 14:00:00,0.1483365478460644,-1,3,2893.88,False
2025-12-02 15:00:00,0.08155428143384788,-1,3,3004.99,False
2025-12-02 16:00:00,0.11195984856735033,-1,3,2993.91,False
2025-12-02 17:00:00,0.0947302166029256,-1,3,3014.36,False
2025-12-02 18:00:00,0.09545885712610169,-1,3,3012.15,False
2025-12-02 19:00:00,0.09247111697448915,-1,3,3014.06,False
2025-12-03 03:00:00,0.0953059139195255,-1,3,3028.95,False
2025-12-03 04:00:00,0.11549687312515802,-1,3,3054.89,False
2025-12-03 05:00:00,0.1579637758713843,-1,3,3056.97,False
2025-12-03 06:00:00,0.1268939850953002,-1,3,3065.31,False
2025-12-03 07:00:00,0.14125539058653164,-1,3,3056.67,False
2025-12-03 08:00:00,0.15949738987916734,-1,3,3050.0,False
2025-12-03 09:00:00,0.12365661560221049,-1,3,3059.37,False
2025-12-03 10:00:00,0.13421500277794665,-1,3,3054.72,False
2025-12-03 11:00:00,0.10698575526973958,-1,3,3072.08,False
2025-12-03 12:00:00,0.13162242866948393,-1,3,3080.69,False
2025-12-03 13:00:00,0.13336898094246408,-1,3,3089.0,False
2025-12-03 14:00:00,0.15906850744041376,-1,3,3074.64,False
2025-12-03 15:00:00,0.14818949468050774,-1,3,3085.0,False
2025-12-03 16:00:00,0.17889725523797373,1,3,3086.78,True
2025-12-03 17:00:00,0.16346385157273016,-1,3,3099.19,False
2025-12-04 01:00:00,0.22660305629051913,-1,3,3201.37,False
2025-12-04 02:00:00,0.22591105867215594,-1,3,3220.46,False
2025-12-04 03:00:00,0.2768519438297773,-1,3,3208.19,False
2025-12-04 04:00:00,0.24347478259243877,-1,3,3190.49,False
2025-12-04 05:00:00,0.269181068064663,-1,3,3184.22,False
2025-12-04 13:00:00,0.21127867327280087,-1,3,3169.05,False
2025-12-04 14:00:00,0.3290724232378126,-1,3,3142.74,False
2025-12-04 15:00:00,0.2215642775804022,-1,3,3206.58,False
2025-12-04 16:00:00,0.34832359736700885,1,3,3167.04,True
2025-12-04 17:00:00,0.2839442360966044,-1,3,3159.19,False
2025-12-04 18:00:00,0.23951471560923276,-1,3,3139.39,False
2025-12-04 19:00:00,0.33627196671896586,-1,3,3117.61,False
2025-12-04 20:00:00,0.29402475472738854,-1,3,3139.74,False
2025-12-04 21:00:00,0.33111193690398266,-1,3,3121.59,False
2025-12-04 22:00:00,0.23981883947127738,-1,3,3142.15,False
2025-12-04 23:00:00,0.31563061054075897,-1,3,3131.9,False
2025-12-05 00:00:00,0.245654485909122,-1,3,3145.12,False
2025-12-05 01:00:00,0.2903188062455084,-1,3,3161.76,False
2025-12-05 02:00:00,0.26141127084257837,-1,3,3175.58,False
2025-12-05 10:00:00,0.33686126744440564,-1,3,3133.61,False
2025-12-05 11:00:00,0.22345282640323347,-1,3,3130.25,False
2025-12-05 12:00:00,0.24897187067792464,-1,3,3126.59,False
2025-12-05 13:00:00,0.2665681672243199,-1,3,3097.66,False
2025-12-05 14:00:00,0.2841573340447096,-1,3,3102.1,False
2025-12-05 15:00:00,0.2663160741424731,-1,3,3144.12,False
2025-12-05 23:00:00,0.34687484807880575,1,3,3021.1,True
2025-12-06 07:00:00,0.2073639495144653,-1,3,3024.55,False
2025-12-06 08:00:00,0.26364633640650015,-1,3,3012.46,False
2025-12-06 09:00:00,0.2650584121834901,-1,3,3028.32,False
2025-12-06 10:00:00,0.2310267846830783,-1,3,3029.08,False
2025-12-06 11:00:00,0.2386534289851951,-1,3,3037.16,False
2025-12-06 12:00:00,0.26649607779668477,1,3,3029.7,True
2025-12-06 13:00:00,0.15107977948952866,-1,3,3034.52,False
2025-12-06 14:00:00,0.12312724780989423,-1,3,3053.63,False
2025-12-06 15:00:00,0.1983280670578095,-1,3,3040.18,False
2025-12-06 16:00:00,0.14655394939605765,-1,3,3050.77,False
2025-12-06 17:00:00,0.15578870800594108,-1,3,3054.07,False
2025-12-06 18:00:00,0.1875000343254979,-1,3,3040.59,False
2025-12-06 19:00:00,0.20466805252051468,-1,3,3028.92,False
2025-12-07 03:00:00,0.16495382418694493,-1,3,3052.79,False
2025-12-07 04:00:00,0.18644169712337966,-1,3,3044.92,False
2025-12-07 05:00:00,0.20948602552228018,-1,3,3043.11,False
2025-12-07 06:00:00,0.19127837593877595,-1,3,3046.68,False
2025-12-07 07:00:00,0.2687853243276913,1,3,3035.8,True
2025-12-07 08:00:00,0.20140518320612105,-1,3,3032.86,False
2025-12-07 09:00:00,0.21712587066689595,-1,3,3029.1,False
2025-12-07 10:00:00,0.18880103821675248,-1,3,3036.82,False
2025-12-07 11:00:00,0.15834802594011155,-1,3,3034.53,False
2025-12-07 12:00:00,0.17127229169964964,-1,3,3047.53,False
2025-12-07 13:00:00,0.20281497691606806,-1,3,3031.95,False
